{"entities":{"pages":{"Default-topic":{"id":"Default-topic","title":"Welcome to my channel!","url":"default-topic.html","level":0,"tabIndex":0},"CSC319-Advance-Java":{"id":"CSC319-Advance-Java","title":"CSC319 Advance Java","url":"csc319-advance-java.html","level":0,"pages":["Class-Diagram","Workshop"],"tabIndex":1},"Class-Diagram":{"id":"Class-Diagram","title":"Class Diagram","url":"class-diagram.html","level":1,"parentId":"CSC319-Advance-Java","tabIndex":0},"Workshop":{"id":"Workshop","title":"Workshop","url":"workshop.html","level":1,"parentId":"CSC319-Advance-Java","tabIndex":1},"CSC325-Workshop":{"id":"CSC325-Workshop","title":"CSC325 Security","url":"csc325-workshop.html","level":0,"pages":["Block-I","Block-II","Block-III"],"tabIndex":2},"Block-I":{"id":"Block-I","title":"block-i","url":"block-i.html","level":1,"parentId":"CSC325-Workshop","tabIndex":0},"Block-II":{"id":"Block-II","title":"Linux Workshop","url":"block-ii.html","level":1,"parentId":"CSC325-Workshop","tabIndex":1},"Block-III":{"id":"Block-III","title":"block-iii","url":"block-iii.html","level":1,"parentId":"CSC325-Workshop","tabIndex":2}}},"topLevelIds":["Default-topic","CSC319-Advance-Java","CSC325-Workshop"]}